name,album,artist,release_date,length,popularity,acousticness,danceability,energy,instrumentalness,liveness,loudness,speechiness,tempo,valence,time_signature,key,mode,uri,release_year,top_year,user
Hallelujah,Various Positions,Leonard Cohen,1984-12-11,277160,65,0.715,0.28,0.344,0.00642,0.133,-12.577,0.0293,171.143,0.232,3,0,1,spotify:track:7yzbimr8WVyAtBX3Eg6UL9,1984,2016,delta
Knockin' On Heaven's Door,Pat Garrett & Billy The Kid (Soundtrack From The Motion Picture),Bob Dylan,1973-07-13,149880,77,0.251,0.513,0.396,0.177,0.11,-13.061,0.0299,140.208,0.229,4,7,1,spotify:track:6HSXNV0b4M4cLJ7ljgVVeh,1973,2016,delta
Hot Coals,PersonA,Edward Sharpe & The Magnetic Zeros,2016-04-15,437539,31,0.406,0.262,0.79,0.321,0.165,-6.942,0.105,196.957,0.493,4,8,0,spotify:track:1YuehNJZF3XPOa3JutmZVg,2016,2016,delta
Partir,150.900,Fauve,2016-04-01,50426,30,0.885,0.503,0.427,3.62e-06,0.583,-16.403,0.162,98.691,0.478,4,0,1,spotify:track:24k5uqme4fiz3JUL3Ml3Db,2016,2016,delta
Amen - Live in Dublin,Live In Dublin,Leonard Cohen,2014-11-28,482942,26,0.9,0.518,0.208,0.0763,0.976,-19.125,0.0307,81.944,0.424,4,1,0,spotify:track:3az28J3r7OqmS6xfkxiZz7,2014,2016,delta
The Wayward Wind,Old Ways,Neil Young,1985-08-12,193466,0,0.52,0.517,0.32,0.0,0.0831,-12.549,0.031,120.295,0.377,4,5,1,spotify:track:1RExjtRbNh8OtlqfbRuQKg,1985,2016,delta
Ulysses and the Sea,Papooz,Papooz,2015-01-19,120165,0,0.913,0.882,0.161,0.0,0.128,-9.385,0.0458,106.105,0.698,4,8,0,spotify:track:0Pi2nwpi8jU8xz7pND8sQ0,2015,2016,delta
La Tendresse,Best Of 2 CD,Marie Laforêt,2002-01-01,139133,0,0.853,0.534,0.347,0.000336,0.096,-9.797,0.0314,129.665,0.517,3,6,0,spotify:track:7oSBIP9Kc9byQMqhUU8iML,2002,2016,delta
Maybe You Are,The Reckoning,Asaf Avidan & the Mojos,2012-08-17,164760,0,0.872,0.747,0.275,0.0,0.107,-8.029,0.0338,108.912,0.165,4,3,1,spotify:track:42IQLXtvAnHzEVKPxylaL6,2012,2016,delta
Les gens qui doutent,Olympia 1986,Anne Sylvestre,2010-08-02,137600,4,0.789,0.474,0.24,0.0,0.7,-19.273,0.358,117.309,0.481,1,9,0,spotify:track:7fLeKB341D0a7rs8MV4n59,2010,2016,delta
Middle Of My Mind,The Pleasant Trees (Volume 2),Tom Rosenthal,2015-12-25,164721,0,0.963,0.607,0.198,0.00425,0.107,-14.271,0.038,76.702,0.381,4,2,1,spotify:track:7i1pYqURiICjq6e19JZt2k,2015,2016,delta
Happe - Live 2006,Une Nuit Au Châtelet,Raphaël,2007-03-02,204520,5,0.753,0.417,0.341,0.00238,0.484,-16.654,0.0531,107.162,0.322,4,2,1,spotify:track:3iXEMS9CHmqWstdusXHdjx,2007,2016,delta
Caravane,caravane,Raphaël,2005-09-09,206920,67,0.71,0.587,0.648,0.00106,0.0834,-9.181,0.0328,100.062,0.502,4,7,1,spotify:track:2UXjdnCvgGGIXLrAwCVVQT,2005,2016,delta
Les gens qui doutent,J'ai de bonnes nouvelles (1977-1978),Anne Sylvestre,2011-08-01,175386,47,0.858,0.516,0.162,0.0,0.116,-16.229,0.051,104.968,0.355,4,9,0,spotify:track:78lTICiATPWoCkxducWgKU,2011,2016,delta
Society,Music For The Motion Picture Into The Wild,Various Artists,2007-09-17,236306,0,0.896,0.64,0.328,0.000541,0.113,-10.844,0.0323,80.689,0.295,4,11,0,spotify:track:37KL1oRZD8yzcke0yYdkE0,2007,2016,delta
The Only Thing Worth Fighting For - From The HBO Series True Detective,The Only Thing Worth Fighting For (From The HBO Series True Detective),Lera Lynn,2015-06-16,196613,0,0.98,0.556,0.18,0.00115,0.11,-12.621,0.0357,113.441,0.11,4,9,0,spotify:track:0x4RvmRUo65KBxkMYavsyK,2015,2016,delta
Setting Scalpels Free,Different Pulses (Edition Deluxe),Asaf Avidan,2013-01-01,221026,22,0.0322,0.588,0.354,0.00832,0.128,-7.136,0.0267,98.021,0.122,4,0,1,spotify:track:1UyQSWalCLXwb5U7pWW9RH,2013,2016,delta
Did I Ever Love You,Popular Problems,Leonard Cohen,2014-09-16,250520,47,0.546,0.551,0.497,0.0068,0.368,-11.876,0.0412,119.9,0.281,4,1,1,spotify:track:2QCaIZQkKrDLmpSIcfQsDS,2014,2016,delta
Climb Up On My Music,Coming From Reality,Rodríguez,1971-10-01,294280,0,0.00809,0.436,0.789,0.0222,0.0905,-5.532,0.0377,116.622,0.89,4,2,0,spotify:track:1OzVME1v6wPIMiTaLiDTW4,1971,2016,delta
Sugar Man,Searching For Sugar Man,Rodríguez,2012,227893,0,0.746,0.479,0.591,0.0,0.634,-6.541,0.0416,98.121,0.477,4,5,1,spotify:track:52BUOdNI2TneBPq4EFOtAy,2012,2016,delta
Amnesty,ON SONG,Peter Sarstedt,2006-01-01,127746,6,0.974,0.437,0.274,0.00123,0.0975,-14.669,0.0668,134.605,0.548,4,9,0,spotify:track:5N54Qzwk2jDNPobtjAIc9e,2006,2016,delta
Perfect Day,Transformer,Lou Reed,1972-12-01,225000,69,0.744,0.4,0.267,0.00734,0.103,-12.488,0.0323,144.799,0.0872,3,10,1,spotify:track:4TOMI010Sd4ZAX4aZ5TS85,1972,2016,delta
"The Partisan - Live Oct 10, 2008; Hartwall Arena, Helsinki, Finland",Songs From The Road,Leonard Cohen,2010-09-10,318640,29,0.48,0.385,0.591,0.0279,0.958,-11.287,0.0361,93.032,0.351,4,5,0,spotify:track:3y0UPwhZVyAwGJVPEH4N0k,2010,2016,delta
Ne partons pas fâchés,caravane,Raphaël,2005-09-09,193000,60,0.112,0.61,0.82,0.0,0.0639,-5.766,0.0547,87.996,0.67,4,7,1,spotify:track:73O15OI7KZXrLdsjCbY9aq,2005,2016,delta
Nevermind,Popular Problems,Leonard Cohen,2014-09-16,279933,49,0.621,0.835,0.428,0.0,0.13,-13.97,0.37,108.023,0.61,4,11,0,spotify:track:454DinyN4ouKpOrtEIIYQU,2014,2016,delta
Darkness,Old Ideas,Leonard Cohen,2012-03-28,269333,44,0.795,0.637,0.377,0.0281,0.0991,-13.973,0.0441,99.515,0.551,4,5,0,spotify:track:0J7o7SK5I9WTyl6u86pMHF,2012,2016,delta
"La Manic - Live at Québec City Show, 2012",Can't Forget: A Souvenir of the Grand Tour,Leonard Cohen,2015-05-08,254866,22,0.0818,0.573,0.419,0.0186,0.984,-13.902,0.0504,105.0,0.538,4,0,1,spotify:track:4kIVv5TSnjTgEPjgNFrH2o,2015,2016,delta
Smells Like Teen Spirit - Radio Edit,Outside Society,Patti Smith,2011-08-23,349733,48,0.32,0.461,0.495,0.0,0.0868,-6.916,0.0389,99.93,0.43,4,5,0,spotify:track:58cKWhCT3I4yhxtNpBlMli,2011,2016,delta
Scherazade,ON SONG,Peter Sarstedt,2006-01-01,257493,4,0.718,0.494,0.492,0.000129,0.063,-11.952,0.0296,86.499,0.427,4,4,1,spotify:track:4PNfe7Y0HO95kcdva3yq2O,2006,2016,delta
You Want It Darker,You Want It Darker,Leonard Cohen,2016-10-21,284373,63,0.613,0.674,0.327,0.199,0.0756,-16.986,0.0574,108.995,0.494,4,4,0,spotify:track:5zb7npjQqoJ7Kcpq4yD9qn,2016,2016,delta
La Route de nuit - Live 2006,Résistance À La Nuit,Raphaël,2006-09-15,183053,5,0.675,0.301,0.279,6.43e-05,0.953,-11.618,0.0337,121.152,0.0877,4,4,0,spotify:track:2FxbRvVZIpDUFkEeaxtyjg,2006,2016,delta
Les gens qui doutent,Favourite Songs,Vincent Delerm,2007-10-29,216400,0,0.922,0.383,0.526,0.000813,0.764,-12.047,0.0872,94.824,0.32,3,2,0,spotify:track:7omjNuFBpAV55ebA86F43B,2007,2016,delta
Amen,Old Ideas,Leonard Cohen,2012-03-28,455426,33,0.734,0.622,0.205,0.00154,0.102,-15.868,0.0442,112.786,0.224,3,1,0,spotify:track:570g2MRjY7we1R48N2fzHr,2012,2016,delta
Far From Any Road,Singing Bones,The Handsome Family,2003,168226,0,0.234,0.706,0.552,0.0116,0.477,-10.028,0.0312,120.009,0.738,4,9,0,spotify:track:5cq7IxxCTwE1c58ckgELsc,2003,2016,delta
Terminal 2B - Live 2011,Raphael Live,Raphaël,2011-11-28,242626,8,0.219,0.192,0.79,0.385,0.405,-7.691,0.148,185.352,0.114,4,9,0,spotify:track:2u9ExAqKWhKDA9PBjuD2JJ,2011,2016,delta
Une petite cantate - Live 2006,Une Nuit Au Châtelet,Raphaël,2007-03-02,222413,5,0.666,0.253,0.953,2.77e-05,0.979,-8.085,0.322,88.531,0.449,4,0,1,spotify:track:1XzdI3lNpupLA853FC6ti0,2007,2016,delta
Suzanne,Songs Of Leonard Cohen,Leonard Cohen,1967-12-27,229293,66,0.922,0.409,0.172,0.00112,0.111,-16.44,0.0389,132.151,0.352,4,6,0,spotify:track:2L93TdW2GMue1H2zlkt30F,1967,2016,delta
Get Back To The Country,Old Ways,Neil Young,1985-08-12,170640,0,0.223,0.679,0.547,0.000195,0.117,-10.986,0.0277,105.039,0.826,4,2,1,spotify:track:2VI9swm96JJ3JXX8rkpKcO,1985,2016,delta
"Field Commander Cohen - Live at Denver Soundcheck, 2012",Can't Forget: A Souvenir of the Grand Tour,Leonard Cohen,2015-05-08,264000,22,0.655,0.381,0.146,0.023,0.172,-13.82,0.0483,91.068,0.359,3,6,1,spotify:track:02hlLbRXQHD1xUyR1jFVhn,2015,2016,delta
Can You Believe,In Reality,Them,1971,166266,5,0.712,0.457,0.161,7.47e-06,0.111,-18.908,0.0339,127.672,0.245,4,10,0,spotify:track:4086KVqGZj0gDSkPoIsjah,1971,2016,delta
Blown Away,Long Slow Distance,Sivert Høyem,2011-09-16,206986,0,0.963,0.369,0.0554,0.109,0.109,-18.457,0.0433,94.331,0.0629,4,0,0,spotify:track:3j5uOb3Wa91yQp4eyfva4a,2011,2016,delta
Blowin' in the Wind,The Freewheelin' Bob Dylan,Bob Dylan,1963-05-27,165426,70,0.914,0.38,0.0993,2.32e-05,0.0605,-20.567,0.0509,174.874,0.44,4,2,1,spotify:track:18GiV1BaXzPVYpp9rmOg0E,1963,2016,delta
"Please - Live at Longwood Gardens, Kennet Square, PA, August 28, 2013",Live In No Particular Order: 2009 - 2014,Edward Sharpe & The Magnetic Zeros,2015-10-09,263317,17,0.388,0.298,0.438,0.00732,0.898,-9.03,0.0296,132.095,0.369,4,9,1,spotify:track:0XgcMzfj9knMlA5oWFpJCR,2015,2016,delta
Going Home,Old Ideas,Leonard Cohen,2012-03-28,231173,37,0.883,0.552,0.164,4.58e-05,0.131,-16.531,0.0636,116.463,0.236,3,2,1,spotify:track:4a1dvKHMBg9PQTJBZrMjKJ,2012,2016,delta
Walk On the Wild Side,Transformer,Lou Reed,1972-12-01,254173,75,0.683,0.575,0.318,0.000202,0.0934,-16.729,0.109,104.522,0.385,4,0,1,spotify:track:5p3JunprHCxClJjOmcLV8G,1972,2016,delta
Dance Me to the End of Love - Live in Dublin,Live In Dublin,Leonard Cohen,2014-11-28,356642,36,0.746,0.508,0.371,0.00815,0.395,-15.107,0.0406,135.115,0.511,3,2,0,spotify:track:32huuYVvTKCxfKOoKNOn10,2014,2016,delta
Weak,The Reckoning,Asaf Avidan & the Mojos,2012-08-17,213693,0,0.424,0.618,0.244,0.0,0.196,-10.241,0.0375,94.608,0.269,3,4,0,spotify:track:3Z99AuSR5ZYNrhLjUIg55K,2012,2016,delta
"Night Comes On - Live at Mönchengladbach Show, 2012",Can't Forget: A Souvenir of the Grand Tour,Leonard Cohen,2015-05-08,355520,21,0.606,0.341,0.222,0.552,0.688,-16.588,0.0309,83.427,0.207,3,5,1,spotify:track:2cOiafJYCZse8cLu0fH1YO,2015,2016,delta
Lately - From The HBO Series True Detective,True Detective (Music From The HBO Series),Various Artists,2015-08-14,237346,39,0.0843,0.699,0.488,0.0101,0.201,-9.792,0.0287,105.989,0.15,4,2,1,spotify:track:6XDV5hAxl3WAu1MfGvFwUe,2015,2016,delta
Slow,Popular Problems,Leonard Cohen,2014-09-16,205346,40,0.707,0.54,0.456,4.05e-05,0.101,-11.691,0.272,129.125,0.294,3,2,1,spotify:track:5I2EVhgVWV0CElpY07bU5h,2014,2016,delta
A Church In Ruins - From The HBO Series True Detective,True Detective (Music From The HBO Series),Various Artists,2015-08-14,172000,30,0.976,0.364,0.0329,5.76e-06,0.121,-17.008,0.04,80.92,0.194,4,4,0,spotify:track:7gWGPWgoyIS5nCPTxrCjJX,2015,2016,delta
Famous Blue Raincoat,Songs Of Love And Hate,Leonard Cohen,1971-03-19,310773,62,0.948,0.474,0.0404,0.000263,0.111,-22.208,0.0387,119.415,0.18,3,9,0,spotify:track:77K5TB5KZmDZCoJCdd1NvE,1971,2016,delta
La lettre de Violette,Violette et François (Original Cinema Soundtrack),Philippe Sarde,1977,136128,5,0.958,0.336,0.0574,0.789,0.146,-22.836,0.044,50.943,0.211,4,9,0,spotify:track:1VfLa9hzvgVawMPQk8PVm8,1977,2016,delta
My Least Favorite Life - From The HBO Series True Detective,My Least Favorite Life (From The HBO Series True Detective),Lera Lynn,2015-06-23,209720,0,0.92,0.445,0.0575,1.05e-06,0.0988,-14.186,0.0446,118.326,0.066,3,2,0,spotify:track:5U0sGmzKRxwvpdFLbbeWxp,2015,2016,delta
Gloria: In Excelsis Deo,Horses (Legacy Edition),Patti Smith,1975,354320,53,0.118,0.422,0.814,5.3e-06,0.115,-7.365,0.195,147.065,0.411,4,9,1,spotify:track:272Z4tzaSMMcgrZ0R494S2,1975,2016,delta
"So Long, Marianne",Songs Of Leonard Cohen,Leonard Cohen,1967-12-27,340560,59,0.701,0.543,0.395,4.24e-05,0.0961,-11.396,0.0267,94.872,0.231,3,9,1,spotify:track:14CsqOaDkOkrZ49UJLtuOJ,1967,2016,delta
Little Parcels Of An Endless Time,Gold Shadow,Asaf Avidan,2014-01-01,205320,30,0.162,0.682,0.524,3.03e-05,0.129,-7.841,0.0621,122.075,0.392,4,7,0,spotify:track:3NTn8BOiIqTo4vY9p5wSTg,2014,2016,delta
Condolence,Glorious You,Benjamin Clementine,2014-01-01,360226,0,0.523,0.577,0.581,0.0712,0.0963,-10.081,0.0827,153.955,0.434,4,0,0,spotify:track:6k8GqQEYkItkYXZKYgFQlY,2014,2016,delta
My Tunnels Are Long And Dark These Days,Gold Shadow,Asaf Avidan,2014-01-01,272053,48,0.648,0.343,0.322,0.00387,0.0755,-10.314,0.0433,179.546,0.151,3,7,0,spotify:track:1ffzVZF940JV7BVxwppeAE,2014,2016,delta
Street Boy,Searching For Sugar Man,Rodríguez,2012,226920,0,0.211,0.55,0.685,4.05e-06,0.101,-5.669,0.0422,207.928,0.864,4,2,0,spotify:track:1ahUNcFxz9RCKGYHblBdoq,2012,2016,delta
Sur la route - Live 2010,Raphael Live,Raphaël,2011-11-28,465360,10,0.0144,0.393,0.644,0.455,0.842,-9.718,0.0371,134.076,0.367,4,2,0,spotify:track:6hthf8z0btLWXC4CCnNQSg,2011,2016,delta
Different Pulses,Different Pulses (Edition Deluxe),Asaf Avidan,2013-01-01,266946,23,0.319,0.635,0.53,0.0566,0.175,-5.992,0.0238,96.977,0.0932,4,3,1,spotify:track:2Bs2HbkizFCGVbkEtB3oES,2013,2016,delta
This Road Is Long,The Pleasant Trees (Volume 2),Tom Rosenthal,2015-12-25,160948,0,0.678,0.649,0.474,0.0,0.107,-10.685,0.0294,132.045,0.235,4,4,1,spotify:track:15mKNRkuT8cRlOBniXahdz,2015,2016,delta
Elle est d'ailleurs,Le Meilleur De,Pierre Bachelet,1997-07-22,232973,38,0.745,0.387,0.328,0.0,0.129,-10.539,0.0315,73.898,0.355,4,1,1,spotify:track:17jqKcsnznw38YtAiGG3S5,1997,2016,delta
Higher,Higher,Kwamie Liv,2015-05-26,281053,0,0.21,0.419,0.596,0.0273,0.37,-5.997,0.0363,75.971,0.0752,4,9,1,spotify:track:3IHPLVOXFrw6EofGxKJbTQ,2015,2016,delta
Dancing Barefoot,Wave,Patti Smith,1979,256533,61,0.235,0.492,0.639,0.0,0.0738,-9.944,0.0319,115.519,0.792,4,2,1,spotify:track:4kPSjEg8u1U4pg2dHHMmtf,1979,2016,delta
Save the Rhino,ON SONG,Peter Sarstedt,2006-01-01,139546,1,0.979,0.516,0.301,0.00255,0.139,-16.041,0.0553,93.957,0.505,4,9,0,spotify:track:5qddtAVrvPGIG7df6nZoYB,2006,2016,delta
Je me Souviens,Ecoute S'Il Pleut (Deluxe Edition),Melissmell,2012-07-16,241213,8,0.452,0.487,0.381,0.0,0.152,-9.083,0.0328,84.435,0.128,3,2,0,spotify:track:1lhgC14geTLd2c4vrn4i65,2012,2016,delta
Love It Or Leave It,Different Pulses (Edition Deluxe),Asaf Avidan,2013-01-01,269320,21,0.484,0.76,0.815,6.89e-05,0.173,-5.067,0.0662,120.04,0.744,4,11,0,spotify:track:4n6TvtmIU2Xu8lotfmTSbI,2013,2016,delta
Et dans 150 ans,caravane,Raphaël,2005-09-09,153000,55,0.357,0.313,0.4,0.00438,0.119,-11.058,0.0531,67.503,0.26,3,0,1,spotify:track:7vlLFUFZKochwQGnoRnWcM,2005,2016,delta
Fodder On Her Wings,North Star Deserter,Vic Chesnutt,2007-08-27,192933,0,0.937,0.41,0.0988,0.159,0.108,-20.619,0.0373,113.91,0.217,4,0,0,spotify:track:7fq49zDJagbY1rhqPGxBoO,2007,2016,delta
Sandrevan Lullaby-Lifestyles,Coming From Reality,Rodríguez,1971-10-01,397400,0,0.897,0.314,0.455,0.00207,0.106,-5.321,0.0401,74.686,0.288,4,2,0,spotify:track:7MbTIMUm3ywd2fmLKkTBZT,1971,2016,delta
"Say It Ain't So, Joe",Say It Ain't So,Murray Head,1976,280000,47,0.613,0.55,0.456,0.000156,0.059,-7.856,0.0345,145.314,0.417,4,4,0,spotify:track:6vJZnE3jJWfxOIVONjntUO,1976,2016,delta
Me and Bobby McGee,Pearl (Legacy Edition),Janis Joplin,1971-01-11,271333,72,0.303,0.43,0.463,5.84e-05,0.152,-10.96,0.0442,93.405,0.66,4,2,1,spotify:track:1IqFh00G2kvvMm8pRMpehA,1971,2016,delta
Only Good For Conversation,Cold Fact,Rodríguez,1970-03-01,143973,0,0.065,0.478,0.94,0.00049,0.139,-5.161,0.109,105.453,0.497,4,0,1,spotify:track:1tD4DVJ6KUmoZefji9AZJS,1970,2016,delta
Bird on the Wire - Live in Dublin,Live In Dublin,Leonard Cohen,2014-11-28,429235,30,0.88,0.366,0.241,0.146,0.975,-16.343,0.0313,99.451,0.269,3,4,1,spotify:track:0T0nXSIUmwoeqZ4effvCvM,2014,2016,delta
123HOPE,The Pleasant Trees (Volume 2),Tom Rosenthal,2015-12-25,153382,0,0.607,0.727,0.576,0.0,0.0912,-6.487,0.0583,130.091,0.736,4,1,1,spotify:track:5lShkMoOhjj0LZ0694IiD8,2015,2016,delta
Forget It,Cold Fact,Rodríguez,1970-03-01,110373,0,0.0396,0.572,0.484,0.0,0.191,-7.277,0.0273,92.918,0.666,4,2,1,spotify:track:71J451fcCgVmYIm7iljGMM,1970,2016,delta
Cause,Searching For Sugar Man,Rodríguez,2012,328373,0,0.613,0.372,0.454,0.000717,0.124,-4.166,0.031,149.088,0.342,4,4,1,spotify:track:51VAe9ZwidLP0JDaL5p0cp,2012,2016,delta
Hangwoman,The Reckoning,Asaf Avidan & the Mojos,2012-08-17,182213,0,0.00482,0.436,0.851,0.00134,0.579,-4.567,0.0539,125.369,0.681,4,1,1,spotify:track:0qWEVlbsqWtsQV7pJFpxCc,2012,2016,delta
"Inner City Blues - Recorded Live on the Streets of Paris, June 12, 2009","Record Store Day 7""",Rodríguez,2010-04-17,209253,28,0.522,0.558,0.586,1.32e-05,0.241,-6.033,0.0415,127.365,0.636,4,9,1,spotify:track:0BOkmm8Zko4IsllUZ7AHcy,2010,2016,delta
Struggle For Pleasure,The Belly Of An Architect,Wim Mertens,1987,242080,0,0.858,0.528,0.729,0.869,0.0777,-9.921,0.0335,131.552,0.199,4,5,0,spotify:track:5oIHLI0ToDqJ9yUmHPgryD,1987,2016,delta
The Times They Are A-Changin',The Times They Are A-Changin',Bob Dylan,1964-01-13,192053,68,0.887,0.389,0.396,0.0,0.0828,-7.999,0.0332,171.86,0.585,3,7,1,spotify:track:52vA3CYKZqZVdQnzRrdZt6,1964,2016,delta
The Swimming Song,Attempted Mustache,Loudon Wainwright III,1973,147466,56,0.408,0.604,0.585,0.0886,0.109,-11.288,0.0329,92.521,0.67,4,9,1,spotify:track:6scUEism6pBnY0IXYr8fw3,1973,2016,delta
Au pays des merveilles de Juliet,Favourite Songs,Vincent Delerm,2007-10-29,236731,0,0.734,0.484,0.813,0.00343,0.379,-8.378,0.095,155.82,0.376,4,9,0,spotify:track:5EH5ysUJx2cWCHk8FndMIN,2007,2016,delta
Hurricane,Desire,Bob Dylan,1976-01-16,512732,68,0.0409,0.509,0.827,0.0,0.12,-7.715,0.0782,135.601,0.743,4,0,1,spotify:track:1lqMLr9Wj7SM2F9AikGcxN,1976,2016,delta
Crucify Your Mind,Cold Fact,Rodríguez,1970-03-01,152346,0,0.203,0.496,0.549,0.0,0.091,-7.758,0.0901,86.293,0.65,4,9,1,spotify:track:11b2qOzCDDhe3HWmEWBGay,1970,2016,delta
The Labyrinth Song,Gold Shadow,Asaf Avidan,2014-01-01,248920,48,0.953,0.4,0.124,0.000126,0.138,-13.088,0.0652,82.203,0.244,4,2,0,spotify:track:3wGKMGpxF0vhrDLCmLp3hQ,2014,2016,delta
"Ah, vita bella !",La Tarantella: Antidotum Tarantulae,L'Arpeggiata,2002-01-01,186160,0,0.914,0.363,0.357,4.68e-06,0.0712,-17.383,0.152,80.01,0.279,4,2,0,spotify:track:2aCsoxl7R16xyxVRqGeec0,2002,2016,delta
Tuolumne,Music For The Motion Picture Into The Wild,Various Artists,2007,60306,0,0.893,0.37,0.281,0.975,0.118,-15.043,0.0334,107.817,0.324,4,0,1,spotify:track:6jA3bZCGJRWA8QtvVCs2iV,2007,2016,delta
Let's Talk About Me,Vulture Culture (Expanded Edition),The Alan Parsons Project,1984-12-01,268920,41,0.345,0.657,0.412,0.0,0.325,-10.877,0.044,143.107,0.516,4,0,0,spotify:track:23PayDM4dRdm1dvzGimKZ1,1984,2016,delta
Schengen - Live 2006,Résistance À La Nuit,Raphaël,2006-09-15,287773,11,0.142,0.614,0.929,0.00821,0.944,-7.048,0.0331,130.014,0.601,4,2,0,spotify:track:7Fz65VdufhyqbKE6LaqNVM,2006,2016,delta
Far Behind,Music For The Motion Picture Into The Wild,Various Artists,2007-09-17,135320,0,0.184,0.466,0.857,1.05e-05,0.113,-5.363,0.0545,135.812,0.577,4,4,1,spotify:track:1NkGXupvRlVTqxZC0E3YNx,2007,2016,delta
It Only Takes One Shot - From The HBO Series True Detective,True Detective (Music From The HBO Series),Various Artists,2015-08-14,173280,32,0.977,0.381,0.0871,0.00113,0.103,-13.269,0.0649,74.704,0.174,4,6,0,spotify:track:0cxfMIjKxfat9wapUvjFur,2015,2016,delta
Like a Rolling Stone,Highway 61 Revisited,Bob Dylan,1965-08-30,369600,71,0.731,0.482,0.721,0.0,0.189,-6.839,0.0321,95.263,0.557,4,0,1,spotify:track:3AhXZa8sUQht0UEdBJgpGc,1965,2016,delta
Thank You Lord,Life Is People,Bill Fay,2012-08-21,193973,0,0.666,0.578,0.29,0.691,0.102,-17.008,0.0298,108.023,0.364,4,8,0,spotify:track:63hMBvaSGYjx3Vn9d3FvCX,2012,2016,delta
The Grain,Equinox,Black Oak,2016-05-13,209585,0,0.793,0.719,0.359,0.0413,0.124,-14.376,0.04,113.027,0.198,4,4,0,spotify:track:7DdBHlS2YFQAb4A537VgFL,2016,2016,delta
"Il est cinq heures, Paris s'éveille",Il est cinq heures,Jacques Dutronc,1968-11-14,175333,56,0.5,0.54,0.629,0.0,0.158,-10.171,0.0325,139.859,0.749,4,9,1,spotify:track:2CLeotsLhEUu0qkj56vbUj,1968,2016,delta
Because the Night,Outside Society,Patti Smith,2011-08-23,202866,56,0.0557,0.442,0.793,0.0,0.0934,-5.378,0.0354,123.67,0.547,4,11,0,spotify:track:1A3OA6zON5HHueFm4ejrRF,2011,2016,delta
A Most Disgusting Song,Coming From Reality,Rodríguez,1971-10-01,289213,0,0.47,0.569,0.564,2.27e-06,0.12,-7.636,0.0896,96.918,0.569,4,4,1,spotify:track:1mMeUveXtaLI6nybFuKD4k,1971,2016,delta
