name,album,artist,release_date,length,popularity,acousticness,danceability,energy,instrumentalness,liveness,loudness,speechiness,tempo,valence,time_signature,key,mode,uri,release_year,top_year,user
• Black And Misguided,Hotel Paranoia,Jazz Cartier,2016-02-03,285480,25,0.0984,0.537,0.603,0.0,0.134,-8.538,0.265,114.025,0.185,4,6,0,spotify:track:6JDB9o5uUvLZOECEE2PZf2,2016,2021,zeta
An Infinite Regression,Weightless,Animals As Leaders,2011-11-08,205853,44,0.000123,0.404,0.903,0.812,0.138,-6.237,0.108,131.768,0.352,5,2,1,spotify:track:6TusaYvpkgyJhJ8tvXo03P,2011,2021,zeta
Another World,Fortitude,Gojira,2021-04-30,264947,55,0.00121,0.351,0.877,0.783,0.119,-5.044,0.0422,169.999,0.238,4,7,0,spotify:track:7cRGgrQ9eg8V8A4FsSj020,2021,2021,zeta
"Partita for Violin Solo No. 1 in B Minor, BWV 1002: 1. Allemande",Hilary Hahn plays Bach: Violin Sonatas Nos. 1 & 2; Partita No. 1,Johann Sebastian Bach,2018-10-05,441933,27,0.984,0.22,0.0813,0.205,0.145,-21.945,0.0507,92.623,0.298,4,4,0,spotify:track:2BF0UcUOosThifZEVYKCnG,2018,2021,zeta
Only Solutions,More than Just a Name,Infected Mushroom,2020-03-23,320571,39,0.00277,0.387,0.71,0.819,0.0887,-6.654,0.085,139.951,0.232,4,6,0,spotify:track:237UcckRVSojOhj7jOD5nq,2020,2021,zeta
Electric Eye - Zardonic Remix,A Matter of Time,Celldweller,2019-04-18,228657,0,0.0665,0.321,0.931,1.51e-05,0.676,-3.646,0.373,174.796,0.246,4,5,0,spotify:track:2ruvyjCqLQ6qx43tb4jVGj,2019,2021,zeta
Cognitive Contortions,The Madness Of Many,Animals As Leaders,2016-11-11,269213,0,7.96e-05,0.273,0.895,0.831,0.108,-6.286,0.0882,187.954,0.226,3,7,1,spotify:track:4tQN38OOwoBU4yROKfZF59,2016,2021,zeta
Chicken Attack,Song Voyage,The Gregory Brothers,2016-12-14,156176,43,0.739,0.382,0.514,0.0,0.164,-6.768,0.0334,64.205,0.354,4,0,1,spotify:track:0Q2bGwvx3oECbpe3W5yyBv,2016,2021,zeta
Андерграундный рай,Выход,Убийцы Crystal,2020-12-18,253718,9,0.351,0.742,0.757,7.6e-05,0.209,-7.335,0.052,139.97,0.24,4,6,1,spotify:track:4ArMhn5YgQeuZJyl5hnBiE,2020,2021,zeta
My Disintegration - Joe Ford Remix,A Matter of Time,Celldweller,2019-04-18,327426,0,0.00036,0.524,0.934,0.122,0.667,-2.483,0.0863,170.192,0.455,3,10,0,spotify:track:2kpSVfEtyUlIkTB68et2VM,2019,2021,zeta
Manhunter,Manhunter,Ainoma,2019-11-21,328200,7,0.00568,0.466,0.944,0.965,0.107,-4.703,0.0307,111.005,0.169,4,8,1,spotify:track:6SALdAzAdqyrl3KekJXRSy,2019,2021,zeta
Террористы,Выход,Убийцы Crystal,2020-12-18,206896,16,0.0342,0.788,0.692,0.00153,0.257,-8.863,0.0417,116.022,0.381,4,11,1,spotify:track:2MAPYoopd58b5ikosIism0,2020,2021,zeta
Slaughterhouse,The Living Will Envy the Dead,We Are Magonia,2019-12-06,250637,29,0.00028,0.419,0.878,0.974,0.0936,-7.961,0.152,148.08,0.184,4,2,1,spotify:track:030Rh4c89SaLzeEI1KgyCe,2019,2021,zeta
Master of Horror,The Living Will Envy the Dead,We Are Magonia,2019-12-06,249423,24,0.000913,0.515,0.69,0.939,0.103,-8.441,0.0386,128.054,0.0766,4,11,0,spotify:track:3GjPsIkX7LKOjgggWPNUpO,2019,2021,zeta
"Sonata for Violin Solo No. 1 in G Minor, BWV 1001: 2. Fuga. Allegro",Hilary Hahn plays Bach: Violin Sonatas Nos. 1 & 2; Partita No. 1,Johann Sebastian Bach,2018-10-05,325586,34,0.99,0.382,0.151,0.000124,0.122,-16.028,0.0569,115.943,0.713,3,7,0,spotify:track:1Xkup8WkrOfFVPZ4r7Zkhf,2018,2021,zeta
Diabolus in Musica,The Living Will Envy the Dead,We Are Magonia,2019-12-06,245831,26,0.00033,0.489,0.682,0.574,0.252,-8.119,0.0336,103.052,0.0959,4,7,1,spotify:track:7KMMO09aorzfK9TjWugWGY,2019,2021,zeta
Watching You,The Shape,Dance With the Dead,2016-02-06,303050,33,1.79e-05,0.547,0.899,0.947,0.0995,-5.414,0.0448,117.981,0.311,4,8,1,spotify:track:5qaOkY55FpPvRIiJ5g8Ete,2016,2021,zeta
A Matter of Time,A Matter of Time,Celldweller,2019-04-18,362482,0,5.65e-05,0.439,0.97,0.00249,0.11,-4.266,0.058,145.062,0.483,4,1,0,spotify:track:2evoS3lDuKhiTACNU8T3ny,2019,2021,zeta
Roller Mobster,TRILOGY,Carpenter Brut,2015,214351,58,5.37e-06,0.423,0.921,0.903,0.179,-1.67,0.0734,131.011,0.187,4,7,1,spotify:track:7oxnK2wg8qFv8EXyyxKDJ4,2015,2021,zeta
Walking on the Moon,Head of NASA and the 2 Amish Boys,Infected Mushroom,2018-12-12,336000,40,0.304,0.739,0.688,0.88,0.234,-6.824,0.039,129.992,0.781,4,5,0,spotify:track:7BqVE1nGdJ5iv9KQs6GCC4,2018,2021,zeta
No Line in MIDI,More than Just a Name,Infected Mushroom,2020-03-23,419005,32,0.0018,0.612,0.779,0.779,0.109,-7.251,0.0621,138.006,0.293,4,11,0,spotify:track:09Gc1nlDGb9hZxHjy6lOV4,2020,2021,zeta
Running With Scissors,The Living Will Envy the Dead,We Are Magonia,2019-12-06,245444,25,0.00189,0.545,0.616,0.0769,0.0877,-6.864,0.0305,105.026,0.134,4,2,1,spotify:track:3KnoVrvuNeJXR0JwtIi3cr,2019,2021,zeta
Вестник грядущего добра,Выход,Убийцы Crystal,2020-12-18,134000,22,0.231,0.702,0.833,0.0,0.509,-7.67,0.0384,120.036,0.383,4,2,1,spotify:track:49OsMEDU2yFCG3skTXlYq6,2020,2021,zeta
My Disintegration - Instrumental,A Matter of Time,Celldweller,2019-04-18,380885,0,5.57e-05,0.254,0.846,0.865,0.112,-3.507,0.12,181.072,0.349,4,5,0,spotify:track:643TFMa4RwMWtchmXAUMWY,2019,2021,zeta
Adrift,The Shape,Dance With the Dead,2016-02-06,290526,31,0.175,0.177,0.47,0.297,0.382,-9.306,0.0388,94.966,0.0374,4,6,1,spotify:track:7J0RUtDOBdRS21XJRnOtJi,2016,2021,zeta
There's a Storm Coming,The Shape,Dance With the Dead,2016-02-06,134550,38,0.323,0.27,0.333,0.976,0.102,-10.51,0.0304,97.173,0.0398,4,1,1,spotify:track:6FBGURwlqmAjWOXrwuX5dL,2016,2021,zeta
Private Visions of the World,The Madness Of Many,Animals As Leaders,2016-11-11,296666,0,0.000193,0.366,0.846,0.844,0.159,-6.982,0.0507,113.915,0.668,3,1,0,spotify:track:472vi5RE3rBOQlB3TVAn4O,2016,2021,zeta
Sphinx,Fortitude,Gojira,2021-04-30,240358,50,0.000101,0.472,0.915,0.714,0.133,-4.844,0.0401,97.015,0.337,4,2,1,spotify:track:6PhrbFbRW3Cchrv6klsLF5,2021,2021,zeta
Synthwave Is Dead,The Living Will Envy the Dead,We Are Magonia,2019-12-06,255833,27,0.00664,0.583,0.934,0.921,0.327,-9.099,0.0738,103.022,0.122,4,1,1,spotify:track:0cfTmOAORo6FhOkHW2sG86,2019,2021,zeta
Becoming Insane,Vicious Delicious,Infected Mushroom,2007-04-01,440266,34,0.00368,0.654,0.82,0.364,0.195,-5.769,0.0648,145.002,0.616,4,2,1,spotify:track:4zh13oEiKl6W8qn9zsdQrp,2007,2021,zeta
Eyes of Madness,The Shape,Dance With the Dead,2016-02-06,278230,40,1.1e-05,0.567,0.808,0.661,0.148,-5.343,0.0546,113.006,0.0349,4,2,1,spotify:track:1qpfndAEGm7YIL6HFuuRCM,2016,2021,zeta
The Chant,Fortitude,Gojira,2021-04-30,312751,52,1.74e-05,0.494,0.874,0.0621,0.0873,-3.831,0.031,124.064,0.485,4,8,1,spotify:track:41DA32rbYp3PoLCAJeup0J,2021,2021,zeta
Ani Mevushal,More than Just a Name,Infected Mushroom,2020-03-23,531310,41,0.00455,0.573,0.783,0.751,0.0783,-5.649,0.0602,144.982,0.177,4,11,0,spotify:track:0fi3GSDCqPMEkdDbgFOXVc,2020,2021,zeta
Splicon,More than Just a Name,Infected Mushroom,2020-03-23,383487,29,0.00974,0.361,0.741,0.837,0.1,-5.02,0.047,103.504,0.136,3,1,1,spotify:track:7yVsd93FrIb6SY1LLSicp1,2020,2021,zeta
Crucified,The Living Will Envy the Dead,We Are Magonia,2019-12-06,232567,23,0.00208,0.571,0.813,0.92,0.382,-8.126,0.114,120.038,0.234,4,2,1,spotify:track:3b7Eu0IgikowZm75FmOQ75,2019,2021,zeta
Mercenary,Mercenary,F.O.O.L,2020-10-19,219818,54,0.0243,0.683,0.779,0.839,0.119,-6.324,0.0546,103.004,0.136,4,9,1,spotify:track:6I7FFkcXS58luQoYLzPHi3,2020,2021,zeta
The Curse (The Toxic Avenger Remix),Legend- EP (Deluxe Edition),Magic Sword,2019-06-07,550200,0,0.0278,0.526,0.676,0.000314,0.245,-6.05,0.0336,99.987,0.0464,4,8,1,spotify:track:2W1cR62CD7HUHCMzss9rPZ,2019,2021,zeta
Fortitude,Fortitude,Gojira,2021-04-30,127578,45,0.109,0.862,0.266,0.941,0.112,-10.534,0.0369,129.925,0.507,4,8,1,spotify:track:7kZkDEYLQ7eBgiPlzhBtGI,2021,2021,zeta
"Freak (The Otherside Series, Vol.2)","Freak (The Otherside Series, Vol.2)",Le Castle Vania,2019-03-08,171743,52,0.000464,0.687,0.974,0.373,0.0945,-2.343,0.0344,108.974,0.325,4,11,1,spotify:track:5pL19PkLA1LFMaHvrYlBYU,2019,2021,zeta
Ленина,Выход,Убийцы Crystal,2020-12-18,149721,20,0.000472,0.789,0.666,0.273,0.0819,-7.327,0.038,130.006,0.356,4,0,0,spotify:track:6yHHGSzp5XMPKJsFuis8iI,2020,2021,zeta
Amazonia,Fortitude,Gojira,2021-04-30,300783,59,0.00038,0.382,0.954,0.776,0.244,-4.831,0.0417,181.933,0.513,4,9,1,spotify:track:1GWtUkDQk7XC35r7kTPfqx,2021,2021,zeta
Born For One Thing,Fortitude,Gojira,2021-04-30,260741,53,3.67e-05,0.215,0.971,0.624,0.308,-4.897,0.0761,145.913,0.376,4,9,1,spotify:track:61GkJ0y15jxDyBrdcb6PqR,2021,2021,zeta
Spitfire,Spitfire,Infected Mushroom,2017-11-24,434782,45,0.00729,0.701,0.715,0.825,0.0956,-4.812,0.0412,137.998,0.311,4,2,1,spotify:track:2Nv0zFXjH4tYS7O1OGpvt7,2017,2021,zeta
Bliss on Mushrooms,Head of NASA and the 2 Amish Boys,Infected Mushroom,2018-12-12,570978,47,0.0169,0.562,0.732,0.788,0.118,-5.896,0.0489,140.005,0.074,4,6,0,spotify:track:6rCcJf8p7z9QDlfzmBVSVl,2018,2021,zeta
Guitarmass,Head of NASA and the 2 Amish Boys,Infected Mushroom,2018-12-12,398896,50,0.00469,0.504,0.606,0.848,0.17,-7.078,0.086,144.979,0.111,4,4,0,spotify:track:6VHBZt8T7ZdlUt3MkOZqPy,2018,2021,zeta
Into The Storm,Fortitude,Gojira,2021-04-30,302293,48,0.00141,0.245,0.972,0.68,0.131,-6.387,0.0739,105.939,0.107,4,2,1,spotify:track:6TCxtJhcwImUhRzdPXRURA,2021,2021,zeta
Tempting Time,Animals as Leaders - Encore Edition,Animals As Leaders,2015-07-10,323935,29,2.42e-05,0.248,0.931,0.84,0.168,-5.143,0.0642,110.047,0.124,3,1,0,spotify:track:5WvMZ7AC5DOp0fVY5mwpMi,2015,2021,zeta
Lamento,The Living Will Envy the Dead,We Are Magonia,2019-12-06,217566,27,0.00033,0.392,0.567,0.701,0.047,-8.035,0.0413,123.978,0.177,4,7,0,spotify:track:5zkBqFVEKHP5IRFBfiBjqp,2019,2021,zeta
Electric Eye (Zardonic Remix) - Instrumental,A Matter of Time,Celldweller,2019-04-18,228657,0,0.0239,0.371,0.875,0.0257,0.144,-4.42,0.0976,175.045,0.148,4,5,0,spotify:track:7vvYWIUKwS73LAkYiZQcxQ,2019,2021,zeta
Free,Free,Raizer,2018-06-01,243419,0,0.000778,0.356,0.988,9.76e-06,0.135,-0.735,0.103,174.093,0.31,4,8,1,spotify:track:23gF2YEcDKBS0pJNUFmqSE,2018,2021,zeta
Black Lambo,Death & Glory,Lazerpunk,2018-01-31,234510,38,0.0255,0.704,0.941,0.817,0.266,-4.751,0.0736,119.971,0.766,4,8,1,spotify:track:7cIbS6n0en7OnZjwnMgeGT,2018,2021,zeta
Миражи,ЛАБИРИНТЫ,Chernoburkv,2020-01-19,256060,15,0.00123,0.532,0.955,0.75,0.519,-7.618,0.426,135.021,0.139,4,5,0,spotify:track:4jupgx7acq4VToXEvAUakp,2020,2021,zeta
Lair of the Dragon,Lair of the Dragon,Wolf and Raven,2018-09-15,403204,30,0.00097,0.245,0.922,0.948,0.153,-6.269,0.0545,125.075,0.183,4,10,0,spotify:track:2k8vy6MoYbHdoWobIGyRFP,2018,2021,zeta
Бурятия,Выход,Убийцы Crystal,2020-12-18,156342,27,0.0428,0.612,0.719,0.001,0.0948,-7.214,0.0401,174.919,0.219,4,10,0,spotify:track:5jCp52c49KnnnZzkIgSmbM,2020,2021,zeta
Freedom Bill,More than Just a Name,Infected Mushroom,2020-03-23,372990,36,0.014,0.717,0.847,0.877,0.109,-8.419,0.0555,135.0,0.34,4,1,1,spotify:track:3wmrX0zKsIt30tQWBsltMN,2020,2021,zeta
Turbo Killer,TRILOGY,Carpenter Brut,2015,208972,60,6.72e-05,0.312,0.755,0.076,0.272,-1.673,0.067,147.162,0.288,4,5,0,spotify:track:10qbHF920zH5K8C8IcE5AL,2015,2021,zeta
Electric Eye - Instrumental,A Matter of Time,Celldweller,2019-04-18,323742,0,3.19e-05,0.5,0.946,0.784,0.101,-3.869,0.097,175.049,0.54,4,7,1,spotify:track:3KYK81QE6MiL1kjClzAXog,2019,2021,zeta
• Tales,Hotel Paranoia,Jazz Cartier,2016-02-03,202066,25,0.0369,0.763,0.489,0.0,0.167,-10.542,0.122,108.008,0.622,4,7,1,spotify:track:3Tr4G2UOXlKkSq6NI3OJaz,2016,2021,zeta
Rokudan,"The Art of the Koto, Vol. 1: Works from the Edo Period",Satomi Fukami,2000-01-01,378360,18,0.9,0.571,0.202,0.923,0.0672,-16.927,0.0847,99.106,0.105,4,5,0,spotify:track:57RzDwvm1UaYrL9mAFFMcj,2000,2021,zeta
Сон,Выход,Убийцы Crystal,2020-12-18,137619,12,0.000259,0.677,0.868,0.284,0.515,-7.843,0.0387,120.001,0.143,4,1,1,spotify:track:2jYYz2Bjb64jcTyIKD4OOK,2020,2021,zeta
Бескайфовая,Выход,Убийцы Crystal,2020-12-18,219392,14,0.172,0.809,0.458,0.0425,0.0851,-9.586,0.05,109.988,0.206,4,1,1,spotify:track:4FkEk6AURtNsJBEkQkFkAu,2020,2021,zeta
Сама Сатана пришла,Выход,Убийцы Crystal,2020-12-18,141793,9,0.0318,0.697,0.606,0.0155,0.0816,-7.689,0.0417,100.04,0.239,4,1,1,spotify:track:5VGxE0aLUXr0qa86w1E7Ug,2020,2021,zeta
Ectogenesis,The Madness Of Many,Animals As Leaders,2016-11-11,295693,0,5.25e-05,0.626,0.87,0.864,0.0933,-7.4,0.044,118.007,0.594,4,1,1,spotify:track:2iG3f8JUFgLIVddPlP1zap,2016,2021,zeta
Screams and Whispers,The Shape,Dance With the Dead,2016-02-06,290232,36,2.41e-06,0.423,0.961,0.884,0.121,-4.949,0.0807,129.004,0.142,4,11,0,spotify:track:5diYEPXX1eogo6iEuSgUQw,2016,2021,zeta
Astrid,Bad Blood,The Encounter,2018-08-14,296744,41,0.000502,0.462,0.854,0.896,0.11,-10.331,0.034,110.017,0.058,4,2,1,spotify:track:731wnLuIxBdoqArAo7ls5U,2018,2021,zeta
Head of NASA,Head of NASA and the 2 Amish Boys,Infected Mushroom,2018-12-12,465148,40,0.0223,0.441,0.722,0.874,0.137,-6.827,0.0651,145.026,0.0796,4,5,0,spotify:track:7Kxogd5x9y4jsfSk56va2q,2018,2021,zeta
Inner Assassins,The Madness Of Many,Animals As Leaders,2016-11-11,329560,0,0.00164,0.287,0.841,0.762,0.0755,-7.595,0.176,58.217,0.321,4,11,1,spotify:track:3kt0MiWmUr55mNpOyizm83,2016,2021,zeta
The Trails,Fortitude,Gojira,2021-04-30,247286,45,0.039,0.624,0.784,0.2,0.182,-6.877,0.0306,126.007,0.151,4,9,0,spotify:track:3w3Niv9YyqdPAdFsnu3Hj8,2021,2021,zeta
Virus,Covenant (Deluxe Edition),Lazerpunk,2020-09-04,233567,25,0.026,0.715,0.686,0.825,0.108,-6.006,0.0437,109.007,0.103,4,7,1,spotify:track:2AFfdH7ocy7TC8pSLfmk8W,2020,2021,zeta
Horizon,The Shape,Dance With the Dead,2016-02-06,372727,34,0.000201,0.495,0.872,0.957,0.258,-5.853,0.054,132.033,0.0355,4,5,0,spotify:track:3k43qX8ltLMgDM7xdC9o1W,2016,2021,zeta
Grind,Fortitude,Gojira,2021-04-30,334091,46,3.41e-05,0.261,0.963,0.956,0.309,-5.306,0.0503,113.015,0.271,4,2,0,spotify:track:0EDk9FulhYuWOANSW7wvLT,2021,2021,zeta
More of Just the Same,More than Just a Name,Infected Mushroom,2020-03-23,428556,42,0.0659,0.58,0.704,0.538,0.0948,-6.819,0.105,139.978,0.114,4,2,1,spotify:track:3c9DkPaBKxwVETIxQhQydW,2020,2021,zeta
Her Ghost,The Shape,Dance With the Dead,2016-02-06,289218,37,8.67e-06,0.487,0.818,0.175,0.114,-4.317,0.037,128.012,0.111,4,1,1,spotify:track:3v2jc9yGbSKKgVEn3k51AZ,2016,2021,zeta
"Sonata for Violin Solo No. 1 in G Minor, BWV 1001: 1. Adagio",Hilary Hahn plays Bach: Violin Sonatas Nos. 1 & 2; Partita No. 1,Johann Sebastian Bach,2018-10-05,284840,38,0.989,0.159,0.0894,0.0149,0.685,-20.277,0.0463,84.247,0.184,4,7,0,spotify:track:2lh5pqyvcUnXpsGRzhm737,2018,2021,zeta
Diabolic,The Shape,Dance With the Dead,2016-02-06,259834,49,0.000451,0.639,0.948,0.372,0.389,-5.04,0.181,121.016,0.328,4,4,0,spotify:track:68ngtC3pGiTjXcFwxYCJ7Z,2016,2021,zeta
Поезда,ЛАБИРИНТЫ,Chernoburkv,2020-01-19,191714,37,0.0326,0.659,0.769,0.214,0.0934,-7.586,0.0467,104.98,0.515,4,3,0,spotify:track:2XQroge1b9THKo8UMa92v3,2020,2021,zeta
Outro,Выход,Убийцы Crystal,2020-12-18,135428,5,0.277,0.407,0.842,0.00125,0.132,-8.942,0.0794,110.138,0.323,4,2,1,spotify:track:5iJklcvJZuA9abOpxM0p7a,2020,2021,zeta
Deviant,Bionic Chrysalis,DEADLIFE,2017-01-01,322075,38,0.0377,0.672,0.743,0.000689,0.299,-5.0,0.0558,105.995,0.246,4,1,1,spotify:track:4wOhPUptCNCCJK0OtjFzpy,2017,2021,zeta
Cold Planet,The Living Will Envy the Dead,We Are Magonia,2019-12-06,223689,22,0.0193,0.472,0.867,0.854,0.616,-7.635,0.0295,140.031,0.448,4,2,1,spotify:track:1qp3KXvpnLOavBva7gjHp5,2019,2021,zeta
"Sonata for Violin Solo No. 1 in G Minor, BWV 1001: 3. Siciliana",Hilary Hahn plays Bach: Violin Sonatas Nos. 1 & 2; Partita No. 1,Johann Sebastian Bach,2018-10-05,211240,29,0.992,0.178,0.0817,0.000215,0.345,-19.69,0.0485,84.749,0.314,4,10,1,spotify:track:09XyQXLiimTDTBt2KWD1sk,2018,2021,zeta
Bad Apple!!,Bullet Hell,RichaadEB,2018-01-04,299130,0,8.64e-05,0.573,0.94,0.838,0.683,-4.505,0.0479,138.013,0.588,4,1,1,spotify:track:4Cf79mYekC12YWNw13Va8r,2018,2021,zeta
Clockwork - Original Mix,Lies,Hyper,2014-01-03,276000,49,9.49e-05,0.522,0.886,0.697,0.063,-6.484,0.058,99.992,0.158,4,10,0,spotify:track:4Zl87UYUFG5OJNPhzMTk20,2014,2021,zeta
Quietly into the Night,The Shape,Dance With the Dead,2016-02-06,176557,29,0.000686,0.366,0.459,0.699,0.104,-7.867,0.0337,121.896,0.0364,4,4,0,spotify:track:5BeXuZqe6A9evsq15vPlOE,2016,2021,zeta
Electric Eye,A Matter of Time,Celldweller,2019-04-18,323742,0,4.68e-05,0.488,0.946,0.114,0.114,-3.565,0.104,175.01,0.6,4,7,1,spotify:track:18QOonVf4txDiTGg7QUoAP,2019,2021,zeta
Canon,Canon,OVERWERK,2015-11-03,298282,0,0.000394,0.428,0.697,0.731,0.152,-6.437,0.05,123.66,0.179,4,8,0,spotify:track:2LlMpPUFlh4Ijocp8I0AAU,2015,2021,zeta
Андрей,Выход,Убийцы Crystal,2020-12-18,92000,21,0.00324,0.492,0.516,3.32e-06,0.103,-8.109,0.0447,75.074,0.0733,4,1,1,spotify:track:7J0QyXz4DzBhYxpd1h7BB1,2020,2021,zeta
Intro,The Living Will Envy the Dead,We Are Magonia,2019-12-06,66785,20,0.756,0.322,0.342,0.971,0.201,-10.295,0.0411,114.972,0.232,5,10,1,spotify:track:43lPZpOua2BdxQv27B97k8,2019,2021,zeta
The Living Will Envy the Dead,The Living Will Envy the Dead,We Are Magonia,2019-12-06,273188,41,0.00101,0.468,0.838,0.88,0.314,-7.924,0.0996,114.9,0.212,4,6,1,spotify:track:6l45DlUoOTzCGUjlF4aTwo,2019,2021,zeta
CONFIG.SYS,C​:\​​>CHKDSK /F,MASTER BOOT RECORD,2016-09-22,218749,45,0.000148,0.307,0.768,0.839,0.2,-8.454,0.0687,124.041,0.0341,4,7,1,spotify:track:0gWWHHxdPOGrda1IXGpDoY,2016,2021,zeta
A Matter of Time - Instrumental,A Matter of Time,Celldweller,2019-04-18,362482,0,1.06e-05,0.47,0.968,0.8,0.11,-4.668,0.0497,145.038,0.543,4,9,1,spotify:track:4ibDbODCx2yn3Ad7wmkrth,2019,2021,zeta
Arithmophobia,The Madness Of Many,Animals As Leaders,2016-11-11,361013,0,5.88e-05,0.308,0.962,0.843,0.141,-5.923,0.0732,112.681,0.38,4,11,0,spotify:track:3JHeDGTzb8RndNpq2MGclj,2016,2021,zeta
New Found,Fortitude,Gojira,2021-04-30,396634,50,5.52e-05,0.265,0.878,0.783,0.0404,-5.257,0.0631,105.134,0.314,4,7,0,spotify:track:3Kl4f3sVKb8iwQ8ZffHim6,2021,2021,zeta
Intro,Выход,Убийцы Crystal,2020-12-18,54870,6,0.106,0.381,0.837,0.923,0.119,-7.699,0.162,140.027,0.161,3,0,1,spotify:track:0ZnxUi4siyqppMi4ggBbgQ,2020,2021,zeta
My Disintegration,A Matter of Time,Celldweller,2019-04-18,380885,0,6.05e-05,0.236,0.903,0.154,0.105,-3.02,0.18,184.05,0.395,4,8,1,spotify:track:2XFtW0XtJNmBP2MnizCrT4,2019,2021,zeta
"Sonata for Violin Solo No. 1 in G Minor, BWV 1001: 4. Presto",Hilary Hahn plays Bach: Violin Sonatas Nos. 1 & 2; Partita No. 1,Johann Sebastian Bach,2018-10-05,202280,34,0.991,0.467,0.255,0.000978,0.221,-17.66,0.0566,125.297,0.915,3,7,0,spotify:track:0HB9QK0Eraem2k4JmR6ZWs,2018,2021,zeta
Saeed,Legend of the Black Shawarma,Infected Mushroom,2009-09-06,423720,48,0.00531,0.568,0.846,0.416,0.128,-5.565,0.0691,145.02,0.337,4,5,0,spotify:track:0S6npsazTIPiXfhlyg9yNx,2009,2021,zeta
Impossible Ascent (Searing Crags),The Messenger (Original Soundtrack) Disc I: The Past,Rainbowdragoneyes,2018-08-30,131097,24,0.00034,0.497,0.995,0.943,0.122,-6.071,0.057,124.983,0.873,4,5,0,spotify:track:7kjk1EklQ3HTCwt6CAOzUW,2018,2021,zeta
Riot,The Shape,Dance With the Dead,2016-02-06,227076,47,1.44e-05,0.626,0.878,0.103,0.0926,-4.951,0.223,130.028,0.231,4,11,1,spotify:track:5k3VFeS8Icp6OCc7qsW2ls,2016,2021,zeta
Hold On,Fortitude,Gojira,2021-04-30,330188,46,0.000919,0.226,0.923,0.744,0.377,-4.444,0.0694,134.09,0.0998,4,2,0,spotify:track:6wmt81xEPYc6UkXI2PEstE,2021,2021,zeta
Neo-Tokyo - Dance With The Dead Remix,Dreams of Neo-Tokyo (Deluxe Edition),Scandroid,2017-03-31,352105,51,1.64e-05,0.467,0.954,0.908,0.0856,-4.137,0.0414,122.004,0.061,4,0,0,spotify:track:44K1GCbNLf1NHlCaLaYONk,2017,2021,zeta
