name,album,artist,release_date,length,popularity,acousticness,danceability,energy,instrumentalness,liveness,loudness,speechiness,tempo,valence,time_signature,key,mode,uri,release_year,top_year,user
Réplique,L'art de la défaite,Batlik,2019-09-13,278555,7,0.213,0.797,0.351,0.143,0.0901,-11.535,0.0903,98.018,0.489,4,2,0,spotify:track:4k3JXMOKG8JYDTKIpVbjU6,2019,2021,delta
NYC,Lundi Méchant,Gaël Faye,2020-11-06,125266,39,0.124,0.51,0.705,0.00308,0.367,-8.338,0.196,91.23,0.194,4,7,1,spotify:track:2pjWdHqyxm0sZ2ZMym5gsd,2020,2021,delta
Trop beau,Jeannine,Lomepal,2018-12-07,244586,69,0.295,0.748,0.66,5.56e-06,0.0883,-6.034,0.0404,123.902,0.324,4,4,0,spotify:track:4WB9OeauHXnGOMUK4s80gM,2018,2021,delta
Ulysses and the Sea,Papooz,Papooz,2015-01-19,120165,65,0.913,0.882,0.161,0.0,0.128,-9.385,0.0458,106.105,0.698,4,8,0,spotify:track:1YmPS3jF3RMCTajDYgTD2q,2015,2021,delta
Slughorn's Confession,Harry Potter and the Half-Blood Prince (Original Motion Picture Soundtrack),Nicholas Hooper,2009-07-14,213053,45,0.651,0.0838,0.0842,0.769,0.0857,-24.922,0.0484,170.037,0.0354,4,0,1,spotify:track:4hFUBd3gQjbvhBFgyAetM2,2009,2021,delta
Potter Waltz,Harry Potter And The Goblet Of Fire (Original Motion Picture Soundtrack),Various Artists,2005-11-09,138840,54,0.879,0.138,0.207,0.915,0.121,-17.358,0.0408,176.246,0.434,3,2,1,spotify:track:2UVPNfmTx2C27Py3z5r9RC,2005,2021,delta
The Weasley Stomp,Harry Potter and the Half-Blood Prince (Original Motion Picture Soundtrack),Nicholas Hooper,2009-07-14,169013,44,0.703,0.53,0.304,0.922,0.0811,-17.856,0.0293,110.149,0.554,4,0,1,spotify:track:2VTp8mChLRvQcTW5B0nrr5,2009,2021,delta
Coup de tête,Aller-retour,Bon Entendeur,2019-12-13,233480,49,0.087,0.608,0.664,0.427,0.0474,-8.786,0.0357,107.001,0.123,4,5,1,spotify:track:70BytYu52Hnt0w8GfcOR7b,2019,2021,delta
Fireworks,Harry Potter And The Order Of The Phoenix (Original Motion Picture Soundtrack),Various Artists,2007-07-07,105880,54,0.28,0.492,0.501,0.893,0.121,-13.694,0.0489,99.964,0.0726,4,2,1,spotify:track:2lRDMjTOqv4a9mrIrgZYmX,2007,2021,delta
Lumos! (Hedwig's Theme),Harry Potter and the Prisoner of Azkaban / Original Motion Picture Soundtrack,John Williams,2004-05-25,98373,54,0.975,0.225,0.0417,0.396,0.0718,-30.105,0.0435,133.89,0.0889,4,4,0,spotify:track:2G5hAbyjLoY1wSQFbOy5PN,2004,2021,delta
Aunt Marge's Waltz,Harry Potter and the Prisoner of Azkaban / Original Motion Picture Soundtrack,John Williams,2004-05-25,135360,48,0.9,0.504,0.197,0.913,0.324,-21.207,0.0436,155.864,0.486,3,7,1,spotify:track:3v4O5D704CYOEbjKMwaqMc,2004,2021,delta
Lily's Theme,"Harry Potter and the Deathly Hallows, Pt. 2 (Original Motion Picture Soundtrack)",Alexandre Desplat,2011-07-04,148813,0,0.873,0.126,0.0386,0.975,0.0759,-28.821,0.0501,73.378,0.0274,3,6,1,spotify:track:4rOZRpsGz3eZxTYabaRLtn,2011,2021,delta
Dinosaures,Des fleurs,Gaël Faye,2018-11-02,260693,34,0.509,0.503,0.814,2.58e-06,0.255,-6.043,0.14,159.991,0.206,4,4,0,spotify:track:7pdah59ZQxg0YsNI9h2e07,2018,2021,delta
Professor Umbridge,Harry Potter And The Order Of The Phoenix (Original Motion Picture Soundtrack),Various Artists,2007-07-07,152600,51,0.699,0.479,0.267,0.722,0.339,-17.335,0.041,140.217,0.108,4,4,0,spotify:track:5XbDL9Otyn3C9vAY3awneT,2007,2021,delta
Promenades,L'art de la défaite,Batlik,2019-09-13,217124,7,0.133,0.812,0.433,0.000144,0.096,-11.619,0.108,92.045,0.274,4,7,0,spotify:track:5DBQkJq8dLkZdqH0NACgeE,2019,2021,delta
Foreign Visitors Arrive,Harry Potter And The Goblet Of Fire (Original Motion Picture Soundtrack),Various Artists,2005-11-09,89386,49,0.92,0.225,0.315,0.89,0.231,-12.908,0.0357,83.01,0.15,5,7,1,spotify:track:3GVGvDhx6CTpHCaaQV5BBC,2005,2021,delta
Flight of the Order of the Phoenix,Harry Potter And The Order Of The Phoenix (Original Motion Picture Soundtrack),Various Artists,2007-07-07,91920,53,0.295,0.28,0.526,0.881,0.0896,-16.144,0.0599,106.235,0.0307,4,2,1,spotify:track:4fG0zASzzrjugiQ6VJUozp,2007,2021,delta
Diagon Alley and the Gringotts Vault,Harry Potter and The Sorcerer's Stone Original Motion Picture Soundtrack,John Williams,2001-10-30,246066,56,0.876,0.285,0.0442,0.0709,0.114,-27.241,0.0358,129.025,0.0558,4,5,0,spotify:track:0VTuzCnqdxzpEheq4GuC2N,2001,2021,delta
Harry's Wondrous World,Harry Potter and The Sorcerer's Stone Original Motion Picture Soundtrack,John Williams,2001-10-30,321066,62,0.881,0.227,0.264,0.9,0.114,-14.905,0.0325,84.986,0.228,4,0,1,spotify:track:4lg0h4AJhPMxbO3VMpbUqS,2001,2021,delta
Seuls et vaincus,Lundi Méchant,Gaël Faye,2020-11-06,182661,49,0.871,0.507,0.318,0.0,0.148,-11.893,0.046,123.233,0.161,4,2,0,spotify:track:5EF9f0fdkh9Ocgs1Fb5BRq,2020,2021,delta
Histoire d'amour,Lundi Méchant,Gaël Faye,2020-11-06,211453,52,0.774,0.755,0.441,0.0,0.0902,-8.998,0.12,113.967,0.761,4,0,0,spotify:track:1O5B2gDKqW46umrfQjTsxs,2020,2021,delta
The Black Lake,Harry Potter And The Goblet Of Fire (Original Motion Picture Soundtrack),Various Artists,2005-11-09,276933,41,0.166,0.131,0.454,0.471,0.11,-12.97,0.0372,76.747,0.0734,4,5,0,spotify:track:38GqVS4rDFnL0291QCiza9,2005,2021,delta
The Quidditch World Cup,Harry Potter And The Goblet Of Fire (Original Motion Picture Soundtrack),Various Artists,2005-11-09,111693,51,0.132,0.389,0.539,0.684,0.377,-14.537,0.0563,129.877,0.355,4,8,1,spotify:track:668l1jLhA5t4nYsSIvdPf1,2005,2021,delta
Ma femme,Pili pili sur un croissant au beurre,Gaël Faye,2013-02-04,159306,52,0.218,0.601,0.766,0.0,0.0455,-5.811,0.373,66.038,0.968,3,6,0,spotify:track:0wpjEtcUQrYA2BjRYQyQwv,2013,2021,delta
La révolution - Main Theme,La Révolution (Music from the Netflix Original Series),Saycet,2020-11-06,180225,0,0.863,0.128,0.379,0.895,0.0779,-14.681,0.0447,183.707,0.0456,3,9,0,spotify:track:547KDnJYVaEcpsKkASswlT,2020,2021,delta
Bleu de lune,Bleu de lune,Zoufris Maracas,2020-03-13,214971,42,0.251,0.733,0.439,0.378,0.112,-11.08,0.102,110.014,0.483,4,1,0,spotify:track:3JDc3bLBIsGKYyxZUMPYt1,2020,2021,delta
Restrictus,Mario Batkovic,Mario Batkovic,2017-03-17,463280,33,0.957,0.476,0.395,0.856,0.129,-10.898,0.0301,98.002,0.0927,4,3,0,spotify:track:6hqeyk5PP4ywE9FH5bs2HI,2017,2021,delta
Chalouper,Lundi Méchant,Gaël Faye,2020-11-06,215240,61,0.348,0.792,0.518,1.81e-05,0.103,-9.63,0.0491,100.004,0.526,4,10,0,spotify:track:4P89bNZVTCmu3zT0IBNLS8,2020,2021,delta
"It's a Man's Man's, Man's World",Sinikan,Sékouba Bambino,2002-01-01,280266,0,0.321,0.655,0.449,0.0,0.346,-8.181,0.0392,148.996,0.519,3,2,0,spotify:track:7FdMJOWHvJFKvixNzhuHY3,2002,2021,delta
I Don't Care To Dance,9 Songs About Love,J.E. Sunde,2020-11-20,225450,0,0.949,0.672,0.135,2.05e-05,0.0938,-11.232,0.039,122.167,0.606,3,0,0,spotify:track:2Z2z1XaqEYc0DoIHpe9zG7,2020,2021,delta
Je vous trouve un charme fou - En duo avec Gaëtan Roussel,Il suffit d'y croire (Version deluxe),Hoshi,2018-11-30,171106,0,0.622,0.614,0.599,7.69e-06,0.348,-8.715,0.254,86.976,0.627,4,1,1,spotify:track:4EgbHp5PzNWwWBBZMPPtai,2018,2021,delta
Paris métèque,Rythmes et botanique,Gaël Faye,2017-04-14,210028,53,0.157,0.625,0.577,3.46e-05,0.108,-9.509,0.0604,86.024,0.379,4,5,0,spotify:track:7DsTPoO5yu6IusWwOAjHjQ,2017,2021,delta
Prologue,Harry Potter and The Sorcerer's Stone Original Motion Picture Soundtrack,John Williams,2001-10-30,130293,66,0.957,0.177,0.0188,0.446,0.635,-29.484,0.0367,146.472,0.0819,3,2,0,spotify:track:6CeCOC2zx1qS8mQNYHe6IM,2001,2021,delta
Double Trouble,Harry Potter and the Prisoner of Azkaban / Original Motion Picture Soundtrack,John Williams,2004-05-25,97226,59,0.733,0.65,0.146,0.0,0.0482,-20.889,0.0343,91.993,0.68,5,2,0,spotify:track:1woL1W9wp2tKz9cFyc4NUm,2004,2021,delta
Only Way Is Up,Lundi Méchant,Gaël Faye,2020-11-06,231213,42,0.862,0.48,0.339,1.25e-06,0.0997,-10.682,0.168,104.723,0.366,4,3,0,spotify:track:2CQQQfax1YLcMbU0V5oTuQ,2020,2021,delta
L'art de la défaite,L'art de la défaite,Batlik,2019-09-13,268345,24,0.423,0.731,0.462,0.0588,0.123,-11.896,0.0331,104.904,0.37,4,9,0,spotify:track:692i0ZY3x7Zz1UuSmJFtCo,2019,2021,delta
Obliviate,"Harry Potter and the Deathly Hallows, Pt. 1 (Original Motion Picture Soundtrack)",Alexandre Desplat,2010-11-23,182200,52,0.932,0.294,0.204,0.954,0.104,-19.13,0.0505,149.74,0.0368,4,0,1,spotify:track:3yHrZ0f21yKyzG0ox65nB0,2010,2021,delta
Hogwarts' March,Harry Potter And The Goblet Of Fire (Original Motion Picture Soundtrack),Various Artists,2005-11-09,163520,49,0.986,0.782,0.173,0.899,0.0753,-18.543,0.0471,123.683,0.861,4,0,1,spotify:track:38aLVNQCL1nWPLhQgVuj1V,2005,2021,delta
The Arrival of Baby Harry,Harry Potter and The Sorcerer's Stone Original Motion Picture Soundtrack,John Williams,2001-10-30,265066,58,0.898,0.0761,0.042,0.648,0.134,-24.631,0.0396,80.529,0.0349,3,4,0,spotify:track:4ir6xoRDxJmUikNTi0t7Cp,2001,2021,delta
Seeds,OUÏ,Camille,2017-06-02,170986,48,0.569,0.658,0.454,0.152,0.11,-15.107,0.0534,104.042,0.262,4,7,1,spotify:track:0bfROYomzLwxT6RGxwAmyt,2017,2021,delta
Zanzibar,Lundi Méchant,Gaël Faye,2020-11-06,249720,34,0.858,0.45,0.344,0.000747,0.0826,-11.319,0.0808,163.704,0.339,4,0,0,spotify:track:4a7ZBr7vdWy4lIBHhliTlK,2020,2021,delta
Rire aux éclats,Chanson française,Volo,2017-01-27,187906,36,0.728,0.616,0.466,9.61e-05,0.0949,-10.702,0.038,153.124,0.721,4,11,0,spotify:track:79uhb1fkoiUDgJ04asmDIa,2017,2021,delta
Derfi di hebe,Ich liebe Dich,Dino Brandāo,2020-12-11,256079,0,0.902,0.403,0.095,3.18e-05,0.112,-19.687,0.0355,85.472,0.278,4,6,0,spotify:track:7D22A3aS0qL0raNiByP3AT,2020,2021,delta
Kerozen,Lundi Méchant,Gaël Faye,2020-11-06,212173,41,0.622,0.736,0.451,2.24e-05,0.125,-10.656,0.0368,112.005,0.39,4,1,0,spotify:track:0q28vSm8gKQwhSDz7RLZAB,2020,2021,delta
Irruption,Rythmes et botanique,Gaël Faye,2017-04-14,259658,43,0.0642,0.584,0.698,5.26e-05,0.105,-8.37,0.153,86.231,0.269,4,6,0,spotify:track:2R6Ceqz74bzoocCWsDHbkR,2017,2021,delta
Reunion of Friends,Harry Potter and The Chamber of Secrets/ Original Motion Picture Soundtrack,John Williams,2002-11-11,308200,53,0.966,0.165,0.0742,0.919,0.115,-20.345,0.0416,129.981,0.038,3,2,1,spotify:track:0rpSIjKSmZ2SFO6vmLJpXl,2002,2021,delta
Magnolias for Ever,Emma Peters (Remixed),Emma Peters,2021-02-05,180035,58,0.823,0.719,0.387,1.78e-05,0.107,-11.403,0.0444,96.046,0.283,4,8,0,spotify:track:3l6779YqHSAtPR7cKhNP47,2021,2021,delta
Neville's Waltz,Harry Potter And The Goblet Of Fire (Original Motion Picture Soundtrack),Various Artists,2005-11-09,129053,52,0.957,0.246,0.073,0.924,0.1,-21.086,0.0368,95.624,0.126,3,2,1,spotify:track:08IA5pdUxV881M3pFBKepS,2005,2021,delta
The Dark Mark,Harry Potter And The Goblet Of Fire (Original Motion Picture Soundtrack),Various Artists,2005-11-09,206293,42,0.507,0.19,0.251,0.758,0.0949,-14.609,0.0358,109.737,0.0386,4,1,1,spotify:track:1hnh78WKdZar4M7gHEAX4K,2005,2021,delta
Rita Skeeter,Harry Potter And The Goblet Of Fire (Original Motion Picture Soundtrack),Various Artists,2005-11-09,101346,44,0.815,0.621,0.0154,0.0105,0.338,-28.643,0.045,120.133,0.239,4,8,0,spotify:track:4O1bCn4guvbP8oNsUo1Xn3,2005,2021,delta
Il n'y a pas d'amour heureux,2016,Poom,2016-05-24,184485,30,0.666,0.717,0.429,0.000953,0.0841,-9.186,0.0494,107.027,0.561,4,8,0,spotify:track:6VRp6lA7HDHYjhE273MUSV,2016,2021,delta
A-France,Pili pili sur un croissant au beurre,Gaël Faye,2013-02-04,260533,38,0.526,0.479,0.555,0.0,0.182,-11.401,0.215,89.765,0.658,4,2,0,spotify:track:2qsjKx635nmNfZbjknAbLm,2013,2021,delta
Pardonne-moi,Pardonne-moi,ELISA ERKA,2019-09-06,192992,39,0.865,0.612,0.292,0.0,0.105,-7.91,0.047,103.105,0.616,4,9,0,spotify:track:4Ugk4dgmZMxJ122TFwhfFh,2019,2021,delta
Keren Chave,Gipsy World Vol. 1: The Best Of Voices (Les Voix Tziganes),Various Artists,2007-01-01,200466,37,0.531,0.638,0.352,0.0,0.0838,-12.159,0.0425,90.623,0.833,4,9,0,spotify:track:7cjegURJa63Uvc0ttyQIfl,2007,2021,delta
Le monde s'est dédoublé,Le monde s'est dédoublé,Clara Ysé,2019-04-05,210699,0,0.176,0.48,0.672,0.0,0.105,-8.861,0.0484,130.288,0.311,4,5,0,spotify:track:5KR5SWArJpB7l6W3D3VNdG,2019,2021,delta
Paysage,L'étoile,MPL,2020-01-31,216120,51,0.154,0.677,0.663,1.24e-06,0.208,-10.756,0.0547,117.974,0.748,4,7,1,spotify:track:7ytlU6FmzTISrT7JeGxFSg,2020,2021,delta
Respire,Lundi Méchant,Gaël Faye,2020-11-06,191840,59,0.514,0.761,0.437,0.0,0.285,-10.053,0.157,120.072,0.366,4,2,0,spotify:track:2qH3Ulxrpemyt2ZIjlSJ7J,2020,2021,delta
"Lisboa, Jerusalem","Lisboa, Jerusalem",Igit,2018-01-20,157393,21,0.55,0.502,0.547,6.74e-06,0.383,-8.85,0.0613,168.118,0.609,3,0,0,spotify:track:374ZNztJumy3umEMTDewT9,2018,2021,delta
Mischief Managed!,Harry Potter and the Prisoner of Azkaban / Original Motion Picture Soundtrack,John Williams,2004-05-25,730546,47,0.844,0.279,0.184,0.22,0.0772,-19.447,0.0424,80.114,0.13,4,9,0,spotify:track:3NrAMPb3hlWCmw9kepqBmM,2004,2021,delta
País Azucar,Good Good Things,Blundetto,2020-06-18,235631,0,0.902,0.768,0.522,0.931,0.125,-6.021,0.0426,149.505,0.863,4,7,0,spotify:track:5VeEyALYettiJtr2iIJmYa,2020,2021,delta
Balade brésilienne,Des fleurs,Gaël Faye,2018-11-02,276840,55,0.337,0.834,0.7,0.000313,0.126,-5.808,0.107,149.995,0.699,4,11,0,spotify:track:1ctwXQLrWGY67DSxQgnNlt,2018,2021,delta
Yes I Do,Exit,Monika,2010-05-14,207826,0,0.379,0.479,0.254,6.57e-05,0.56,-11.677,0.0323,134.843,0.226,4,0,0,spotify:track:4y5G47enoDj1051mDl5yX5,2010,2021,delta
Jackie Jacky Jack,Des fleurs,Gaël Faye,2018-11-02,244160,32,0.294,0.772,0.525,4.25e-06,0.147,-8.184,0.32,152.004,0.432,4,1,1,spotify:track:79mkTiL9PoHMP5xAqtK8di,2018,2021,delta
Waiting Around To Die,Chinatown,The Be Good Tanyas,2003-03-11,313880,0,0.496,0.636,0.275,0.143,0.109,-20.085,0.0394,96.742,0.322,4,5,0,spotify:track:3ulipeC36lUvRzPETyFlm9,2003,2021,delta
Bamako,Malicool,Roswell Rudd,2002-01-01,389093,34,0.682,0.484,0.375,0.903,0.0615,-14.158,0.0426,151.546,0.242,4,7,1,spotify:track:1kjyCFmzdB2wmPUDDDyWcL,2002,2021,delta
À trop courir,Rythmes et botanique,Gaël Faye,2017-04-14,286229,38,0.336,0.719,0.373,0.00618,0.0936,-10.106,0.171,82.009,0.673,4,1,1,spotify:track:0VJpdVczOrVAc3pPEpIrF0,2017,2021,delta
Journey To The Cave,Harry Potter and the Half-Blood Prince (Original Motion Picture Soundtrack),Nicholas Hooper,2009-07-14,188280,49,0.6,0.281,0.141,0.887,0.0969,-22.545,0.0431,87.59,0.0388,4,2,1,spotify:track:76wi5yBGOcmZhjxdCBNQYg,2009,2021,delta
Pemmican,Pemmican,La Fine Equipe,2020-06-30,212971,39,0.0607,0.599,0.675,0.000783,0.131,-7.505,0.169,158.026,0.377,4,2,0,spotify:track:54DPC3DrwCJeyQwgBoO0wh,2020,2021,delta
C'est cool,Lundi Méchant,Gaël Faye,2020-11-06,340791,30,0.862,0.433,0.424,3.12e-05,0.143,-13.309,0.151,63.491,0.0837,4,2,1,spotify:track:0Bg7HNG94tA30xzQqBahP9,2020,2021,delta
Dumbledore's Farewell,Harry Potter and the Half-Blood Prince (Original Motion Picture Soundtrack),Nicholas Hooper,2009-07-14,142253,65,0.417,0.237,0.062,0.893,0.178,-22.176,0.0513,114.738,0.0357,3,9,0,spotify:track:0bmb8jg6ljmt8qBmIsMNvL,2009,2021,delta
Petit pays,Pili pili sur un croissant au beurre,Gaël Faye,2013-02-04,257240,51,0.835,0.565,0.683,0.0,0.199,-9.374,0.167,99.997,0.738,4,7,1,spotify:track:0uYQzkuCFewRsriDK7oDIz,2013,2021,delta
Walk,Free,Guillaume Perret,2016-09-23,180328,25,0.312,0.497,0.531,0.921,0.14,-8.446,0.0387,95.973,0.319,4,5,1,spotify:track:5js0k3dz7KFlOm5lfwLcO4,2016,2021,delta
Leaving Hogwarts,Harry Potter and The Sorcerer's Stone Original Motion Picture Soundtrack,John Williams,2001-10-30,133573,63,0.932,0.183,0.0473,0.91,0.0984,-21.272,0.0375,73.398,0.0365,3,2,1,spotify:track:15yScQGLH5QOuXm9XbhnPb,2001,2021,delta
Apo Mesa Pethamenos,Zitate Na Sas Po,Arleta,1984-03-14,180000,30,0.966,0.465,0.032,0.0471,0.116,-25.848,0.0488,81.132,0.22,3,5,0,spotify:track:7vxQSXLLrijhpUQkW7u73a,1984,2021,delta
Lundi Méchant,Lundi Méchant,Gaël Faye,2020-11-06,148386,46,0.743,0.678,0.511,0.000116,0.284,-9.463,0.0537,108.31,0.415,4,11,0,spotify:track:1UrXxVqyLlg6IXUitwyyuw,2020,2021,delta
"Paola, 11099",State of Siege (Original Soundtrack),Mikis Theodorakis,2003-01-01,265466,32,0.98,0.614,0.101,0.937,0.11,-19.158,0.0386,116.191,0.382,4,6,0,spotify:track:1OEbJvYoAw2ZgxbGsMS4tY,2003,2021,delta
Dumbledore's Army,Harry Potter And The Order Of The Phoenix (Original Motion Picture Soundtrack),Various Artists,2007-07-07,160253,57,0.793,0.337,0.119,0.794,0.161,-21.437,0.0382,80.265,0.209,4,7,1,spotify:track:2GY8VKvfP3ZtKSk1byDYb1,2007,2021,delta
Deep End,Deep End,Fousheé,2020-07-31,141223,66,0.758,0.711,0.592,0.0,0.156,-7.136,0.23,124.749,0.535,4,4,0,spotify:track:6HlE9t71z9DjGi7KqSyEpA,2020,2021,delta
A Window to the Past,Harry Potter and the Prisoner of Azkaban / Original Motion Picture Soundtrack,John Williams,2004-05-25,234040,60,0.954,0.212,0.0443,0.537,0.0998,-24.6,0.0434,106.632,0.139,1,9,0,spotify:track:1PPTlPJqKuL0fdoTmzwXJy,2004,2021,delta
Fawkes Is Reborn,Harry Potter and The Chamber of Secrets/ Original Motion Picture Soundtrack,John Williams,2002-11-11,199133,51,0.966,0.12,0.0456,0.921,0.113,-24.199,0.0383,89.648,0.0393,4,6,0,spotify:track:5yh0phgrkE0qQeWJs3x3hf,2002,2021,delta
Harry in Winter,Harry Potter And The Goblet Of Fire (Original Motion Picture Soundtrack),Various Artists,2005-11-09,174440,58,0.559,0.175,0.248,0.966,0.189,-16.707,0.0423,110.447,0.0396,3,11,0,spotify:track:4H3KBBAe2Fcgv9lH6E10Oe,2005,2021,delta
Boomer,Lundi Méchant,Gaël Faye,2020-11-06,208013,50,0.647,0.794,0.691,1.86e-05,0.15,-7.793,0.0467,131.796,0.708,4,1,0,spotify:track:0rIMxOoTQs0YXMnlfFHr2K,2020,2021,delta
Por Una Cabeza,Quintango,QuinTango,1998,154426,44,0.741,0.368,0.242,0.0133,0.109,-10.093,0.0365,98.7,0.393,3,7,1,spotify:track:2SoJkwYQoXqL1nn2HZiNOU,1998,2021,delta
Hedwig's Theme,Harry Potter and The Sorcerer's Stone Original Motion Picture Soundtrack,John Williams,2001-10-30,309093,66,0.897,0.156,0.162,0.691,0.111,-17.101,0.036,73.407,0.077,4,2,0,spotify:track:1n8NKQRg8LVHy7oUhUgbFF,2001,2021,delta
Laka,Laka,Aventure,2019-03-22,308426,22,0.287,0.303,0.371,0.00216,0.151,-8.49,0.0364,108.758,0.235,3,1,0,spotify:track:2SfTucoiNjeUZcM0OgoFa7,2019,2021,delta
Another Year Ends,Harry Potter And The Goblet Of Fire (Original Motion Picture Soundtrack),Various Artists,2005-11-09,138626,50,0.979,0.101,0.124,0.953,0.0729,-17.876,0.0398,75.2,0.0357,3,7,1,spotify:track:1ez8ZmONwGLDsOzqLECDoU,2005,2021,delta
The Day Before You Came,Backspin: A Six Degrees 10 Year Anniversary Project,Various Artists,2007-03-06,314253,32,0.602,0.755,0.538,0.622,0.0979,-11.148,0.0383,108.059,0.771,4,8,1,spotify:track:7sLmRrXESWBI1b5Ja7M00Q,2007,2021,delta
Lonely Carousel,Cinema,Rodrigo Leão,2004-06-24,214106,37,0.438,0.56,0.399,1.39e-06,0.107,-10.439,0.0484,102.687,0.339,4,7,0,spotify:track:2JZdX5hJ8kPPfOZudA4mcG,2004,2021,delta
Pili pili sur un croissant au beurre,Pili pili sur un croissant au beurre,Gaël Faye,2013-02-04,341720,40,0.568,0.495,0.593,0.000208,0.0896,-9.41,0.122,100.125,0.5,4,6,0,spotify:track:4Bl6cd21aPJrLVnRmW0TbW,2013,2021,delta
Je pars,Pili pili sur un croissant au beurre,Gaël Faye,2013-02-04,239333,40,0.144,0.748,0.824,3.5e-05,0.161,-5.433,0.273,93.876,0.829,4,11,0,spotify:track:1cK706NO4aPgzM0WjgBdvU,2013,2021,delta
"Paint It, Black",Aftermath,The Rolling Stones,1966-04-15,202266,85,0.0493,0.464,0.795,0.00244,0.399,-9.267,0.0926,158.691,0.612,4,1,1,spotify:track:63T7DJ1AFDD6Bn8VzG6JE8,1966,2021,delta
Secrets of the Castle,Harry Potter and the Prisoner of Azkaban / Original Motion Picture Soundtrack,John Williams,2004-05-25,152146,52,0.933,0.219,0.0283,0.827,0.132,-29.83,0.0357,57.394,0.0828,3,2,0,spotify:track:5PUvxyQ0STurZq4TM8yl4F,2004,2021,delta
Out of Town,Off the Wall,Jil Is Lucky,2020-03-06,240760,17,0.519,0.586,0.409,0.0193,0.0813,-12.585,0.0303,90.054,0.684,4,10,0,spotify:track:6sIiG0lzSvvo6tcJZSuWSC,2020,2021,delta
Belesia,Belesia,Ignacio Maria Gomez,2020-11-13,267986,48,0.975,0.659,0.197,0.0681,0.104,-14.554,0.0473,166.988,0.259,3,1,0,spotify:track:1PbTp9alugkShdL8dMupUQ,2020,2021,delta
Buckbeak's Flight,Harry Potter and the Prisoner of Azkaban / Original Motion Picture Soundtrack,John Williams,2004-05-25,128466,54,0.725,0.136,0.345,0.91,0.175,-16.834,0.0399,89.783,0.158,3,6,1,spotify:track:3fr220xo6nu5ysW16DjsXi,2004,2021,delta
Mon amie la rose,Françoise Hardy (Mon amie la rose),Françoise Hardy,1964-06-30,137160,54,0.753,0.45,0.284,4.85e-06,0.154,-13.094,0.0339,104.532,0.392,4,2,0,spotify:track:1rMX4XuW4KzgYlAyEaDmpO,1964,2021,delta
Fawkes the Phoenix,Harry Potter and The Chamber of Secrets/ Original Motion Picture Soundtrack,John Williams,2002-11-11,225666,53,0.964,0.106,0.181,0.853,0.407,-17.969,0.0342,61.02,0.0593,4,2,1,spotify:track:1m4ZjbibTvvmYIJyXAIuxv,2002,2021,delta
Tôt le matin,Rythmes et botanique,Gaël Faye,2017-04-14,224082,58,0.458,0.474,0.559,3.99e-06,0.0794,-7.131,0.267,150.135,0.417,4,10,0,spotify:track:44P75p1gtECmB1T1eJ7tFy,2017,2021,delta
Berlin,Dawn,RY X,2016-05-06,174172,66,0.963,0.397,0.0666,0.158,0.107,-20.405,0.0383,137.313,0.0389,4,7,1,spotify:track:57A6HbITtifBco2NbF7Qq8,2016,2021,delta
Underwater Secrets,Harry Potter And The Goblet Of Fire (Original Motion Picture Soundtrack),Various Artists,2005-11-09,146493,44,0.939,0.278,0.0341,0.137,0.13,-28.461,0.042,79.23,0.0388,3,7,1,spotify:track:4yJvsJ4ZNMfo2wQRo7fm4G,2005,2021,delta
Chilly in F Minor,√úber Alles Director's Cut,Chilly Gonzales,01/01/2000,83586,35,0.985,0.531,0.0536,0.964,0.13,-25.507,0.0513,68.013,0.23,3,5,0,spotify:track:6rGteb8nGLaceRl3Q2azpV,2000,2021,delta
Welcome 2 America,Welcome 2 America,Prince,08/04/2021,323813,0,0.437,0.528,0.314,6.37e-05,0.352,-15.118,0.223,169.854,0.424,3,1,1,spotify:track:5jIxSgeyKZbz9qDh2KZF79,2021,2021,delta
"La plus que lente, L. 121 (Arr. Roques)",Debussy & Poulenc: Cello Sonatas,Alexandre Tharaud,23/09/2008,274400,44,0.985,0.213,0.0652,0.892,0.119,-22.825,0.0469,108.184,0.0563,3,7,1,spotify:track:3RZMjQIfUlfTpcuZqdVPtn,2008,2021,delta
"""Elgar: Variations on an Original Theme, Op. 36 """"Enigma"""": Variation IX. Nimrod""",Elgar: Enigma Variations & Pomp & Circumstance Marches Nos 1-5,Edward Elgar,1986,234133,52,0.981,0.0641,0.148,0.819,0.109,-18.171,0.0371,70.443,0.0359,3,3,1,spotify:track:23ryVoyGTrfO3F0GblIfnz,1986,2021,delta
Autumn Leaves,Summerwind,Lars Danielsson,28/09/2018,237984,36,0.974,0.37,0.0548,0.112,0.0952,-18.349,0.0385,65.25,0.376,4,7,0,spotify:track:5rXJ6iWGWLEOBHGtdBvDlV,2018,2021,delta
"6 Stucke, Op. 32: 6 Pieces, Op. 32: No. 3. Rustle of Spring","Sinding, C.: Violin and Piano Music",Christian Sinding,01/11/2008,175680,36,0.982,0.146,0.0527,0.933,0.0748,-26.554,0.0401,76.216,0.0393,4,5,0,spotify:track:2zh4IJYjNuOBfkm0dCRJqX,2008,2021,delta
